mutant,ddG_exp,hydrophobic_field,hbond_inverse_square,inv_distance_sq
Y5H,0.11999999999999922,2.0122504,0.80148286,0.0038676274
A8V,-0.10000000000000053,1.6922166,0.67213625,0.0030621812
F20Q,-0.41000000000000014,-5.3699756,0.83211726,0.0031537116
A23Q,-1.0300000000000002,7.200648,0.86901766,0.00310746
L29Q,-0.33000000000000007,7.1733313,0.7031456,0.0033515997
A31S,-0.3700000000000001,3.307664,0.5385239,0.0054246746
S37G,-0.11000000000000032,6.0466204,0.78751606,0.01181586
E40A,0.6899999999999995,3.4272308,0.989555,0.0048175612
V44Q,-1.63,3.0722468,0.8827956,0.0037855958
M45Q,-0.9000000000000004,0.062064055,1.1782812,0.0033413502
L48Q,-1.0700000000000003,0.85034615,0.6273851,0.0024680973
Q50R,-0.75,-0.92784196,0.5226971,0.0023459985
L57Q,0.5699999999999994,-8.453885,0.8145013,0.006097975
E59D,0.3299999999999992,-4.3519206,0.92855805,0.006794813
I61Q,1.17,-4.0981126,1.1311297,0.017241152
D67A,1.4699999999999998,-4.5370264,0.96185106,0.035568014
D73A,1.4699999999999998,8.484237,1.1262245,0.024725523
D73N,0.8699999999999992,8.484237,1.1262245,0.024725523
D75Y,0.41999999999999993,4.6435676,0.90953916,0.014552761
V79Q,-0.07000000000000028,6.23088,0.790512,0.008326892
M81Q,-0.7200000000000006,9.43193,0.99138355,0.0050463364
C84Y,-0.8100000000000005,-1.2046703,0.52546203,0.0032647909
